Workbook

Sheet 음악연영
A1: 음악과/연극영화과 교과 점수 계산 (졸업예정자)
A2: 학기 | B2: 구분 | C2: 국어 | D2: 사회/역사 | E2: 수학 | F2: 과학 | G2: 영어 | H2: 소계 | I2: 체육 | J2: 음악 | K2: 미술
A3: 1학년 2학기 | B3: 1)성취도
B4: 2)성취도점수 | C4: =IF(C3="A",5,IF(C3="B",4,IF(C3="C",3,IF(C3="D",2,IF(C3="E",1,0))))) -> 0 | D4: =IF(D3="A",5,IF(D3="B",4,IF(D3="C",3,IF(D3="D",2,IF(D3="E",1,0))))) -> 0 | E4: =IF(E3="A",5,IF(E3="B",4,IF(E3="C",3,IF(E3="D",2,IF(E3="E",1,0))))) -> 0 | F4: =IF(F3="A",5,IF(F3="B",4,IF(F3="C",3,IF(F3="D",2,IF(F3="E",1,0))))) -> 0 | G4: =IF(G3="A",5,IF(G3="B",4,IF(G3="C",3,IF(G3="D",2,IF(G3="E",1,0))))) -> 0 | H4: =SUM(C4:G4) -> 0 | I4: =IF(I3="A",10,IF(I3="B",9,IF(I3="C",8,0))) -> 0 | J4: =IF(J3="A",10,IF(J3="B",9,IF(J3="C",8,0))) -> 0 | K4: =IF(K3="A",10,IF(K3="B",9,IF(K3="C",8,0))) -> 0
A5: 2학년 1학기 | B5: 1)성취도
B6: 2)성취도점수 | C6: =IF(C5="A",5,IF(C5="B",4,IF(C5="C",3,IF(C5="D",2,IF(C5="E",1,0))))) -> 0 | D6: =IF(D5="A",5,IF(D5="B",4,IF(D5="C",3,IF(D5="D",2,IF(D5="E",1,0))))) -> 0 | E6: =IF(E5="A",5,IF(E5="B",4,IF(E5="C",3,IF(E5="D",2,IF(E5="E",1,0))))) -> 0 | F6: =IF(F5="A",5,IF(F5="B",4,IF(F5="C",3,IF(F5="D",2,IF(F5="E",1,0))))) -> 0 | G6: =IF(G5="A",5,IF(G5="B",4,IF(G5="C",3,IF(G5="D",2,IF(G5="E",1,0))))) -> 0 | H6: =SUM(C6:G6) -> 0 | I6: =IF(I5="A",10,IF(I5="B",9,IF(I5="C",8,0))) -> 0 | J6: =IF(J5="A",10,IF(J5="B",9,IF(J5="C",8,0))) -> 0 | K6: =IF(K5="A",10,IF(K5="B",9,IF(K5="C",8,0))) -> 0
A7: 2학년 2학기 | B7: 1)성취도
B8: 2)성취도점수 | C8: =IF(C7="A",5,IF(C7="B",4,IF(C7="C",3,IF(C7="D",2,IF(C7="E",1,0))))) -> 0 | D8: =IF(D7="A",5,IF(D7="B",4,IF(D7="C",3,IF(D7="D",2,IF(D7="E",1,0))))) -> 0 | E8: =IF(E7="A",5,IF(E7="B",4,IF(E7="C",3,IF(E7="D",2,IF(E7="E",1,0))))) -> 0 | F8: =IF(F7="A",5,IF(F7="B",4,IF(F7="C",3,IF(F7="D",2,IF(F7="E",1,0))))) -> 0 | G8: =IF(G7="A",5,IF(G7="B",4,IF(G7="C",3,IF(G7="D",2,IF(G7="E",1,0))))) -> 0 | H8: =SUM(C8:G8) -> 0 | I8: =IF(I7="A",10,IF(I7="B",9,IF(I7="C",8,0))) -> 0 | J8: =IF(J7="A",10,IF(J7="B",9,IF(J7="C",8,0))) -> 0 | K8: =IF(K7="A",10,IF(K7="B",9,IF(K7="C",8,0))) -> 0
A9: 3학년 1학기 | B9: 1)성취도
B10: 2)성취도점수 | C10: =IF(C9="A",5,IF(C9="B",4,IF(C9="C",3,IF(C9="D",2,IF(C9="E",1,0))))) -> 0 | D10: =IF(D9="A",5,IF(D9="B",4,IF(D9="C",3,IF(D9="D",2,IF(D9="E",1,0))))) -> 0 | E10: =IF(E9="A",5,IF(E9="B",4,IF(E9="C",3,IF(E9="D",2,IF(E9="E",1,0))))) -> 0 | F10: =IF(F9="A",5,IF(F9="B",4,IF(F9="C",3,IF(F9="D",2,IF(F9="E",1,0))))) -> 0 | G10: =IF(G9="A",5,IF(G9="B",4,IF(G9="C",3,IF(G9="D",2,IF(G9="E",1,0))))) -> 0 | H10: =SUM(C10:G10) -> 0 | I10: =IF(I9="A",10,IF(I9="B",9,IF(I9="C",8,0))) -> 0 | J10: =IF(J9="A",10,IF(J9="B",9,IF(J9="C",8,0))) -> 0 | K10: =IF(K9="A",10,IF(K9="B",9,IF(K9="C",8,0))) -> 0
A12: 교과 점수 | E12: 출결 점수 | I12: 봉사 점수 | L12: 내신 성적
A13: 환산 평균 (국영수사과) | B13: 교과 점수 (국영수사과) | C13: 교과점수 (예체능) | D13: 교과점수합 | E13: 3) 미인정지각 등 횟수 | F13: 4) 미인정결석 일수 | G13: 결석환산 일수 | H13: 출결점수 | I13: 5) 기준시수 | J13: 6) 실시시수 | K13: 봉사점수
A14: =(H4+H6+H8+H10)/20 -> 0 | B14: =IF(A14="","",VLOOKUP(A14,Sheet2!$A$1:$D$21,2,TRUE)) -> #N/A | C14: =SUM(I4:K4,I6:K6,I8:K8,I10:K10)/COUNTA(I3:K3,I5:K5,I7:K7,I9:K9) -> #DIV/0! | D14: =B14+C14 -> #N/A | G14: =IF(OR(E14="",F14=""),"",INT((E14/3)+F14)) | H14: =IF(G14="","",VLOOKUP(G14,Sheet2!$G$2:$H$6,2,TRUE)) | I14: 15 | K14: =IF(J14="","",VLOOKUP(J14,Sheet2!$J$1:$K$6,2,TRUE)) | L14: =IF(OR(D14="",H14="",K14=""),"",SUM(D14,H14,K14)) -> #N/A
A16: * 노란색 계열 부분만 입력하시면 됩니다.
A17: < 교과점수 > | C17: * 1) 성취도 : 과목별 성취도 기재
C18: * 2) 성취도 점수(국영수사과) : A:5, B:4, C:3, D:2, E:1 (성취도 입력하면 자동계산됨)
C19: 성취도 점수(예체능) : A:10, B:9, C:8 (성취도 입력하면 자동계산됨)
A20: < 출결점수 > | C20: * 3) 미인정지각 등 회수 : 3년동안 미인정지각, 미인정조퇴, 미인정결과 횟수를 기재 (재학생은 9월30일까지 기준)
C21: * 4) 미인정결석 일수 : 3년동안 미인정결석한 일수를 기재 (재학생은 9월30일까지 기준)
A22: < 봉사점수 > | C22: * 5) 기준시수 : 본교 적용 봉사활동 기준시수
C23: * 6) 실시시수 : 3년동안 실시한 봉사활동 시수 기재 (재학생은 9월 30일까지 기준)

Sheet 미술
A1: 미술과 교과 점수 계산 (졸업예정자)
A2: 학기 | B2: 구분 | C2: 국어 | D2: 사회/역사 | E2: 수학 | F2: 과학 | G2: 영어 | H2: 소계 | I2: 체육 | J2: 음악 | K2: 미술
A3: 1학년 2학기 | B3: 1)성취도
B4: 2)성취도점수 | C4: =IF(C3="A",5,IF(C3="B",4,IF(C3="C",3,IF(C3="D",2,IF(C3="E",1,0))))) -> 0 | D4: =IF(D3="A",5,IF(D3="B",4,IF(D3="C",3,IF(D3="D",2,IF(D3="E",1,0))))) -> 0 | E4: =IF(E3="A",5,IF(E3="B",4,IF(E3="C",3,IF(E3="D",2,IF(E3="E",1,0))))) -> 0 | F4: =IF(F3="A",5,IF(F3="B",4,IF(F3="C",3,IF(F3="D",2,IF(F3="E",1,0))))) -> 0 | G4: =IF(G3="A",5,IF(G3="B",4,IF(G3="C",3,IF(G3="D",2,IF(G3="E",1,0))))) -> 0 | H4: =SUM(C4:G4) -> 0 | I4: =IF(I3="A",10,IF(I3="B",9,IF(I3="C",8,0))) -> 0 | J4: =IF(J3="A",10,IF(J3="B",9,IF(J3="C",8,0))) -> 0 | K4: =IF(K3="A",10,IF(K3="B",9,IF(K3="C",8,0))) -> 0
A5: 2학년 1학기 | B5: 1)성취도
B6: 2)성취도점수 | C6: =IF(C5="A",5,IF(C5="B",4,IF(C5="C",3,IF(C5="D",2,IF(C5="E",1,0))))) -> 0 | D6: =IF(D5="A",5,IF(D5="B",4,IF(D5="C",3,IF(D5="D",2,IF(D5="E",1,0))))) -> 0 | E6: =IF(E5="A",5,IF(E5="B",4,IF(E5="C",3,IF(E5="D",2,IF(E5="E",1,0))))) -> 0 | F6: =IF(F5="A",5,IF(F5="B",4,IF(F5="C",3,IF(F5="D",2,IF(F5="E",1,0))))) -> 0 | G6: =IF(G5="A",5,IF(G5="B",4,IF(G5="C",3,IF(G5="D",2,IF(G5="E",1,0))))) -> 0 | H6: =SUM(C6:G6) -> 0 | I6: =IF(I5="A",10,IF(I5="B",9,IF(I5="C",8,0))) -> 0 | J6: =IF(J5="A",10,IF(J5="B",9,IF(J5="C",8,0))) -> 0 | K6: =IF(K5="A",10,IF(K5="B",9,IF(K5="C",8,0))) -> 0
A7: 2학년 2학기 | B7: 1)성취도
B8: 2)성취도점수 | C8: =IF(C7="A",5,IF(C7="B",4,IF(C7="C",3,IF(C7="D",2,IF(C7="E",1,0))))) -> 0 | D8: =IF(D7="A",5,IF(D7="B",4,IF(D7="C",3,IF(D7="D",2,IF(D7="E",1,0))))) -> 0 | E8: =IF(E7="A",5,IF(E7="B",4,IF(E7="C",3,IF(E7="D",2,IF(E7="E",1,0))))) -> 0 | F8: =IF(F7="A",5,IF(F7="B",4,IF(F7="C",3,IF(F7="D",2,IF(F7="E",1,0))))) -> 0 | G8: =IF(G7="A",5,IF(G7="B",4,IF(G7="C",3,IF(G7="D",2,IF(G7="E",1,0))))) -> 0 | H8: =SUM(C8:G8) -> 0 | I8: =IF(I7="A",10,IF(I7="B",9,IF(I7="C",8,0))) -> 0 | J8: =IF(J7="A",10,IF(J7="B",9,IF(J7="C",8,0))) -> 0 | K8: =IF(K7="A",10,IF(K7="B",9,IF(K7="C",8,0))) -> 0
A9: 3학년 1학기 | B9: 1)성취도
B10: 2)성취도점수 | C10: =IF(C9="A",5,IF(C9="B",4,IF(C9="C",3,IF(C9="D",2,IF(C9="E",1,0))))) -> 0 | D10: =IF(D9="A",5,IF(D9="B",4,IF(D9="C",3,IF(D9="D",2,IF(D9="E",1,0))))) -> 0 | E10: =IF(E9="A",5,IF(E9="B",4,IF(E9="C",3,IF(E9="D",2,IF(E9="E",1,0))))) -> 0 | F10: =IF(F9="A",5,IF(F9="B",4,IF(F9="C",3,IF(F9="D",2,IF(F9="E",1,0))))) -> 0 | G10: =IF(G9="A",5,IF(G9="B",4,IF(G9="C",3,IF(G9="D",2,IF(G9="E",1,0))))) -> 0 | H10: =SUM(C10:G10) -> 0 | I10: =IF(I9="A",10,IF(I9="B",9,IF(I9="C",8,0))) -> 0 | J10: =IF(J9="A",10,IF(J9="B",9,IF(J9="C",8,0))) -> 0 | K10: =IF(K9="A",10,IF(K9="B",9,IF(K9="C",8,0))) -> 0
A12: 교과 점수 | E12: 출결 점수 | I12: 봉사 점수 | L12: 내신 성적
A13: 환산 평균 (국영수사과) | B13: 교과 점수 (국영수사과) | C13: 교과점수 (예체능) | D13: 교과점수합 | E13: 3) 미인정지각 등 횟수 | F13: 4) 미인정결석 일수 | G13: 결석환산 일수 | H13: 출결점수 | I13: 5) 기준시수 | J13: 6) 실시시수 | K13: 봉사점수
A14: =(H4+H6+H8+H10)/20 -> 0 | B14: =IF(A14="","",VLOOKUP(A14,Sheet2!$A$1:$D$21,3,TRUE)) -> #N/A | C14: =SUM(I4:K4,I6:K6,I8:K8,I10:K10)/COUNTA(I3:K3,I5:K5,I7:K7,I9:K9) -> #DIV/0! | D14: =B14+C14 -> #N/A | G14: =IF(OR(E14="",F14=""),"",INT((E14/3)+F14)) | H14: =IF(G14="","",VLOOKUP(G14,Sheet2!$G$2:$H$6,2,TRUE)) | I14: 15 | K14: =IF(J14="","",VLOOKUP(J14,Sheet2!$J$1:$K$6,2,TRUE)) | L14: =IF(OR(D14="",H14="",K14=""),"",SUM(D14,H14,K14)) -> #N/A
A16: * 노란색 계열 부분만 입력하시면 됩니다.
A17: < 교과점수 > | C17: * 1) 성취도 : 과목별 성취도 기재
C18: * 2) 성취도 점수(국영수사과) : A:5, B:4, C:3, D:2, E:1 (성취도 입력하면 자동계산됨)
C19: 성취도 점수(예체능) : A:10, B:9, C:8 (성취도 입력하면 자동계산됨)
A20: < 출결점수 > | C20: * 3) 미인정지각 등 회수 : 3년동안 미인정지각, 미인정조퇴, 미인정결과 횟수를 기재 (재학생은 9월30일까지 기준)
C21: * 4) 미인정결석 일수 : 3년동안 미인정결석한 일수를 기재 (재학생은 9월30일까지 기준)
A22: < 봉사점수 > | C22: * 5) 기준시수 : 본교 적용 봉사활동 기준시수
C23: * 6) 실시시수 : 3년동안 실시한 봉사활동 시수 기재 (재학생은 9월 30일까지 기준)

Sheet 만화애니
A1: 만화애니과 교과 점수 계산 (졸업예정자)
A2: 학기 | B2: 구분 | C2: 국어 | D2: 사회/역사 | E2: 수학 | F2: 과학 | G2: 영어 | H2: 소계 | I2: 체육 | J2: 음악 | K2: 미술
A3: 1학년 2학기 | B3: 1)성취도
B4: 2)성취도점수 | C4: =IF(C3="A",5,IF(C3="B",4,IF(C3="C",3,IF(C3="D",2,IF(C3="E",1,0))))) -> 0 | D4: =IF(D3="A",5,IF(D3="B",4,IF(D3="C",3,IF(D3="D",2,IF(D3="E",1,0))))) -> 0 | E4: =IF(E3="A",5,IF(E3="B",4,IF(E3="C",3,IF(E3="D",2,IF(E3="E",1,0))))) -> 0 | F4: =IF(F3="A",5,IF(F3="B",4,IF(F3="C",3,IF(F3="D",2,IF(F3="E",1,0))))) -> 0 | G4: =IF(G3="A",5,IF(G3="B",4,IF(G3="C",3,IF(G3="D",2,IF(G3="E",1,0))))) -> 0 | H4: =SUM(C4:G4) -> 0 | I4: =IF(I3="A",10,IF(I3="B",9,IF(I3="C",8,0))) -> 0 | J4: =IF(J3="A",10,IF(J3="B",9,IF(J3="C",8,0))) -> 0 | K4: =IF(K3="A",10,IF(K3="B",9,IF(K3="C",8,0))) -> 0
A5: 2학년 1학기 | B5: 1)성취도
B6: 2)성취도점수 | C6: =IF(C5="A",5,IF(C5="B",4,IF(C5="C",3,IF(C5="D",2,IF(C5="E",1,0))))) -> 0 | D6: =IF(D5="A",5,IF(D5="B",4,IF(D5="C",3,IF(D5="D",2,IF(D5="E",1,0))))) -> 0 | E6: =IF(E5="A",5,IF(E5="B",4,IF(E5="C",3,IF(E5="D",2,IF(E5="E",1,0))))) -> 0 | F6: =IF(F5="A",5,IF(F5="B",4,IF(F5="C",3,IF(F5="D",2,IF(F5="E",1,0))))) -> 0 | G6: =IF(G5="A",5,IF(G5="B",4,IF(G5="C",3,IF(G5="D",2,IF(G5="E",1,0))))) -> 0 | H6: =SUM(C6:G6) -> 0 | I6: =IF(I5="A",10,IF(I5="B",9,IF(I5="C",8,0))) -> 0 | J6: =IF(J5="A",10,IF(J5="B",9,IF(J5="C",8,0))) -> 0 | K6: =IF(K5="A",10,IF(K5="B",9,IF(K5="C",8,0))) -> 0
A7: 2학년 2학기 | B7: 1)성취도
B8: 2)성취도점수 | C8: =IF(C7="A",5,IF(C7="B",4,IF(C7="C",3,IF(C7="D",2,IF(C7="E",1,0))))) -> 0 | D8: =IF(D7="A",5,IF(D7="B",4,IF(D7="C",3,IF(D7="D",2,IF(D7="E",1,0))))) -> 0 | E8: =IF(E7="A",5,IF(E7="B",4,IF(E7="C",3,IF(E7="D",2,IF(E7="E",1,0))))) -> 0 | F8: =IF(F7="A",5,IF(F7="B",4,IF(F7="C",3,IF(F7="D",2,IF(F7="E",1,0))))) -> 0 | G8: =IF(G7="A",5,IF(G7="B",4,IF(G7="C",3,IF(G7="D",2,IF(G7="E",1,0))))) -> 0 | H8: =SUM(C8:G8) -> 0 | I8: =IF(I7="A",10,IF(I7="B",9,IF(I7="C",8,0))) -> 0 | J8: =IF(J7="A",10,IF(J7="B",9,IF(J7="C",8,0))) -> 0 | K8: =IF(K7="A",10,IF(K7="B",9,IF(K7="C",8,0))) -> 0
A9: 3학년 1학기 | B9: 1)성취도
B10: 2)성취도점수 | C10: =IF(C9="A",5,IF(C9="B",4,IF(C9="C",3,IF(C9="D",2,IF(C9="E",1,0))))) -> 0 | D10: =IF(D9="A",5,IF(D9="B",4,IF(D9="C",3,IF(D9="D",2,IF(D9="E",1,0))))) -> 0 | E10: =IF(E9="A",5,IF(E9="B",4,IF(E9="C",3,IF(E9="D",2,IF(E9="E",1,0))))) -> 0 | F10: =IF(F9="A",5,IF(F9="B",4,IF(F9="C",3,IF(F9="D",2,IF(F9="E",1,0))))) -> 0 | G10: =IF(G9="A",5,IF(G9="B",4,IF(G9="C",3,IF(G9="D",2,IF(G9="E",1,0))))) -> 0 | H10: =SUM(C10:G10) -> 0 | I10: =IF(I9="A",10,IF(I9="B",9,IF(I9="C",8,0))) -> 0 | J10: =IF(J9="A",10,IF(J9="B",9,IF(J9="C",8,0))) -> 0 | K10: =IF(K9="A",10,IF(K9="B",9,IF(K9="C",8,0))) -> 0
A12: 교과 점수 | E12: 출결 점수 | I12: 봉사 점수 | L12: 내신 성적
A13: 환산 평균 (국영수사과) | B13: 교과 점수 (국영수사과) | C13: 교과점수 (예체능) | D13: 교과점수합 | E13: 3) 미인정지각 등 횟수 | F13: 4) 미인정결석 일수 | G13: 결석환산 일수 | H13: 출결점수 | I13: 5) 기준시수 | J13: 6) 실시시수 | K13: 봉사점수
A14: =(H4+H6+H8+H10)/20 -> 0 | B14: =IF(A14="","",VLOOKUP(A14,Sheet2!$A$1:$D$21,4,TRUE)) -> #N/A | C14: =SUM(I4:K4,I6:K6,I8:K8,I10:K10)/COUNTA(I3:K3,I5:K5,I7:K7,I9:K9) -> #DIV/0! | D14: =B14+C14 -> #N/A | G14: =IF(OR(E14="",F14=""),"",INT((E14/3)+F14)) | H14: =IF(G14="","",VLOOKUP(G14,Sheet2!$G$2:$H$6,2,TRUE)) | I14: 15 | K14: =IF(J14="","",VLOOKUP(J14,Sheet2!$J$1:$K$6,2,TRUE)) | L14: =IF(OR(D14="",H14="",K14=""),"",SUM(D14,H14,K14)) -> #N/A
A16: * 노란색 계열 부분만 입력하시면 됩니다.
A17: < 교과점수 > | C17: * 1) 성취도 : 과목별 성취도 기재
C18: * 2) 성취도 점수(국영수사과) : A:5, B:4, C:3, D:2, E:1 (성취도 입력하면 자동계산됨)
C19: 성취도 점수(예체능) : A:10, B:9, C:8 (성취도 입력하면 자동계산됨)
A20: < 출결점수 > | C20: * 3) 미인정지각 등 회수 : 3년동안 미인정지각, 미인정조퇴, 미인정결과 횟수를 기재 (재학생은 9월30일까지 기준)
C21: * 4) 미인정결석 일수 : 3년동안 미인정결석한 일수를 기재 (재학생은 9월30일까지 기준)
A22: < 봉사점수 > | C22: * 5) 기준시수 : 본교 적용 봉사활동 기준시수
C23: * 6) 실시시수 : 3년동안 실시한 봉사활동 시수 기재 (재학생은 9월 30일까지 기준)

Sheet Sheet2
A1: 급간 | B1: 음악연영 | C1: 미술 | D1: 만애 | G1: 결석일 | H1: 출석점수 | J1: 봉사시간 | K1: 봉사점수
A2: 1 | B2: 40 | C2: 103 | D2: 80 | G2: 0 | H2: 20 | J2: 0 | K2: 16
A3: 2.001 | B3: 46 | C3: 111 | D3: 86 | G3: 1 | H3: 19 | J3: 12 | K3: 17
A4: 2.251 | B4: 52 | C4: 119 | D4: 92 | G4: 2 | H4: 18 | J4: 13 | K4: 18
A5: 2.501 | B5: 58 | C5: 127 | D5: 98 | G5: 3 | H5: 17 | J5: 14 | K5: 19
A6: 2.751 | B6: 64 | C6: 134 | D6: 104 | G6: 4 | H6: 16 | J6: 15 | K6: 20
A7: 3.001 | B7: 69 | C7: 141 | D7: 109
A8: 3.251 | B8: 74 | C8: 147 | D8: 114
A9: 3.501 | B9: 78 | C9: 153 | D9: 118
A10: 3.751 | B10: 82 | C10: 158 | D10: 122
A11: 4.001 | B11: 86 | C11: 163 | D11: 126
A12: 4.101 | B12: 90 | C12: 168 | D12: 130
A13: 4.201 | B13: 93 | C13: 172 | D13: 133
A14: 4.301 | B14: 96 | C14: 176 | D14: 136
A15: 4.401 | B15: 99 | C15: 179 | D15: 139
A16: 4.501 | B16: 102 | C16: 182 | D16: 142
A17: 4.601 | B17: 104 | C17: 184 | D17: 144
A18: 4.701 | B18: 106 | C18: 186 | D18: 146
... A21: 4.951 | B21: 110 | C21: 190 | D21: 150
